{
  "model_version": "v1.2",
  "trained_at": "2025-11-06T13:43:24.029414",
  "features": [
    "Gender",
    "Age",
    "Hipertension",
    "Diabetes",
    "Alcoholism",
    "Handcap",
    "SMS_received",
    "dias_antecedencia",
    "dia_semana_consulta",
    "eh_fim_de_semana",
    "cluster_1",
    "cluster_2",
    "cluster_3"
  ],
  "threshold": 0.43565656565656563,
  "metrics": {
    "accuracy": 0.5934135528815706,
    "precision": 0.30313315926892953,
    "recall": 0.780241935483871,
    "f1_score": 0.4366303121474238,
    "roc_auc": 0.7086581426938565
  }
}